,adult,kids
wealth,62.5,68.75
agency,82.3529411764706,83.16993464052288
core,69.281045751634,76.87908496732027
music,62.77777777777777,66.25
inclusion,44.44444444444444,62.08333333333333
romance,58.333333333333336,82.4074074074074
TOTAL,65.0,72.48611111111111
